{
  "type": "AdaptiveCard",
  "body": [
    {
      "type": "TextBlock",
      "size": "Medium",
      "weight": "Bolder",
      "text": "Merhaba ,Ben FoBot! Ford Otosan'ın DPS Yazılım destek botuyum."
    },
    {
      "type": "TextBlock",
      "text": "Şu an için sadece IPS,Tedarikçi Portal,FOSN Portal,Mozaik ,Güvenli Yerim ve Finans uygulamalarının yazılımsal konularına destek olabiliyorum.",
      "wrap": true
    },
    {
      "type": "TextBlock",
      "text": "Talebini kısaca yazabilir misin? Örneğin",
      "wrap": true
    },
    {
      "type": "TextBlock",
      "text": "- SAP şifremi güncelleyemiyorum.",
      "wrap": true
    },
    {
      "type": "TextBlock",
      "text": "- Parça Programı Yaratma Yetkisini nasıl alabilirim?",
      "wrap": true
    }
    
  ],
  "actions": [
  
  ],
  "$schema": "http://adaptivecards.io/schemas/adaptive-card.json",
  "version": "1.4"
}
